https://www.nintendo.co.uk/Iwata-Asks-Dr-Kawashima-s-Devilish-Brain-Training/Volume-1/1-First-Encounter/1-First-Encounter-704358.html
https://www.nintendo.co.uk/Iwata-Asks-Dr-Kawashima-s-Devilish-Brain-Training/Volume-2/1-N-Back-Exercises/1-N-Back-Exercises--717579.html
https://www.nintendo.co.uk/Iwata-Asks-Jam-with-the-Band/Iwata-Asks-Jam-with-the-Band-Volume-1/1-The-President-s-Specifications/1-The-President-s-Specifications-235598.html
https://www.nintendo.co.uk/Iwata-Asks-Jam-with-the-Band/Iwata-Asks-Jam-with-the-Band-Volume-2/1-All-Hands-on-Deck/1-All-Hands-on-Deck-218850.html
https://www.nintendo.co.uk/Iwata-Asks-Mario-Kart-7/Vol-1-Joint-Development-with-Retro-Studios/1-It-All-Began-with-a-Yakiniku-Party/1-It-All-Began-with-a-Yakiniku-Party-221857.html
https://www.nintendo.co.uk/Iwata-Asks-Mario-Kart-7/Vol-2-In-house-Staff/1-We-re-the-Same-/1-We-re-the-Same--230976.html
https://www.nintendo.co.uk/Iwata-Asks-Metroid-Other-M/Iwata-Asks-Yoshio-Sakamoto-Hironobu-Sakaguchi/1-A-23-year-old-Connection/1-A-23-year-old-Connection-218000.html
https://www.nintendo.co.uk/Iwata-Asks-Metroid-Other-M/Keynote-from-Metroid-creator-Yoshio-Sakamoto/Page-1/Page-1-203794.html
https://www.nintendo.co.uk/Iwata-Asks-Metroid-Other-M/Vol-1-The-Collaboration/1-A-NES-Game-with-the-Latest-Technology-/1-A-NES-Game-with-the-Latest-Technology--224960.html
https://www.nintendo.co.uk/Iwata-Asks-Metroid-Other-M/Vol-2-Development-Staff/1-Making-a-Game-with-Nintendo/1-Making-a-Game-with-Nintendo-207274.html
https://www.nintendo.co.uk/Iwata-Asks-New-Super-Mario-Bros-2/Iwata-Asks-New-Super-Mario-Bros-2/1-Mario-Cram-School/1-Mario-Cram-School-593539.html
https://www.nintendo.co.uk/Iwata-Asks-New-Super-Mario-Bros-U/New-Super-Mario-Bros-U/1-What-Should-Be-New-/1-What-Should-Be-New--686442.html
https://www.nintendo.co.uk/Iwata-Asks-New-Super-Mario-Bros-Wii/Volume-1/1-Mario-Couldn-t-Jump-At-First/1-Mario-Couldn-t-Jump-At-First-210699.html
https://www.nintendo.co.uk/Iwata-Asks-New-Super-Mario-Bros-Wii/Volume-2/1-It-All-Began-In-1984/1-It-All-Began-In-1984-232825.html
https://www.nintendo.co.uk/Iwata-Asks-New-Super-Mario-Bros-Wii/Volume-3/1-Solving-Multiple-Problems-with-Bubbles/1-Solving-Multiple-Problems-with-Bubbles-219417.html
https://www.nintendo.co.uk/Iwata-Asks-Nintendo-3DS-Third-Party-Game-Developers/Preface/Preface/Preface-839503.html
https://www.nintendo.co.uk/Iwata-Asks-Nintendo-3DS-Third-Party-Game-Developers/Vol-1-Professor-Layton-and-the-Mask-of-Miracle/1-Dragon-Quest-Changed-My-Life/1-Dragon-Quest-Changed-My-Life-839506.html
https://www.nintendo.co.uk/Iwata-Asks-Nintendo-3DS-Third-Party-Game-Developers/Vol-2-SAMURAI-WARRIORS-Chronicles/1-Visiting-the-Arcade-in-Year-Three/1-Visiting-the-Arcade-in-Year-Three-839521.html
https://www.nintendo.co.uk/Iwata-Asks-Nintendo-3DS-Third-Party-Game-Developers/Vol-3-PES-2011-3D-Pro-Evolution-Soccer/1-Express-Everything-in-the-Stadium/1-Express-Everything-in-the-Stadium-839532.html
https://www.nintendo.co.uk/Iwata-Asks-Nintendo-3DS-Third-Party-Game-Developers/Vol-4-Ridge-Racer-3D/1-A-Chimpanzee-Playing-Pac-Man/1-A-Chimpanzee-Playing-Pac-Man-839543.html
https://www.nintendo.co.uk/Iwata-Asks-Nintendo-3DS-Third-Party-Game-Developers/Vol-5-Super-Street-Fighter-IV/1-Bonding-with-Dad/1-Bonding-with-Dad-839554.html
https://www.nintendo.co.uk/Iwata-Asks-Nintendo-3DS-Third-Party-Game-Developers/Vol-6-DEAD-OR-ALIVE-Dimensions/1-Video-Games-Falling-from-the-Sky/1-Video-Games-Falling-from-the-Sky-839567.html
https://www.nintendo.co.uk/Iwata-Asks-Nintendo-3DS-Third-Party-Game-Developers/Vol-7-Resident-Evil-The-Mercenaries-3D-Resident-Evil-Revelations/1-The-Word-Is-Raw-/1-The-Word-Is-Raw--839580.html
https://www.nintendo.co.uk/Iwata-Asks-Nintendo-3DS-Third-Party-Game-Developers/Vol-8-Tales-of-the-Abyss/1-From-Promotions-to-Producer/1-From-Promotions-to-Producer-839591.html
https://www.nintendo.co.uk/Iwata-Asks-Nintendo-3DS-Third-Party-Game-Developers/Vol-9-Resident-Evil-Revelations/1-Return-to-Survival-Horror/1-Return-to-Survival-Horror-839604.html
https://www.nintendo.co.uk/Iwata-Asks-Nintendo-3DS-Third-Party-Game-Developers/Vol-10-TEKKEN-3D-PRIME-EDITION/1-I-m-Going-into-the-Game-Industry-No-Matter-What-/1-I-m-Going-into-the-Game-Industry-No-Matter-What--212082.html
https://www.nintendo.co.uk/Iwata-Asks-Nintendo-3DS-Third-Party-Game-Developers/Vol-11-KINGDOM-HEARTS-3D-Dream-Drop-Distance-/1-The-Impact-of-Super-Mario-64/1-The-Impact-of-Super-Mario-64-839624.html
https://www.nintendo.co.uk/Iwata-Asks-Nintendo-3DS-Third-Party-Game-Developers/Vol-12-THEATRHYTHM-FINAL-FANTASY/1-I-Want-to-Make-Games-/1-I-Want-to-Make-Games--236773.html
https://www.nintendo.co.uk/Iwata-Asks-Nintendo-3DS/Vol-1-And-That-s-How-the-Nintendo-3DS-Was-Made/1-Shigesato-Itoi-Tries-Nintendo-3DS/1-Shigesato-Itoi-Tries-Nintendo-3DS-229348.html
https://www.nintendo.co.uk/Iwata-Asks-Nintendo-3DS/Vol-2-Nintendo-3DS-Hardware-Concept/1-Starting-Before-Nintendo-DS-Launch/1-Starting-Before-Nintendo-DS-Launch-218498.html
https://www.nintendo.co.uk/Iwata-Asks-Nintendo-3DS/Vol-3-Nintendo-3DS-Exterior-and-Mechanical-Design/1-A-Nintendo-3DS-Theme-Song-/1-A-Nintendo-3DS-Theme-Song--221508.html
https://www.nintendo.co.uk/Iwata-Asks-Nintendo-3DS/Vol-4-nintendogs-cats/1-Why-cats-Is-Smaller-in-the-Logo/1-Why-cats-Is-Smaller-in-the-Logo-204721.html
https://www.nintendo.co.uk/Iwata-Asks-Nintendo-3DS/Vol-5-Asking-Mr-Miyamoto-Right-Before-Release/1-Nintendo-3DS-Built-in-Software/1-Nintendo-3DS-Built-in-Software-210250.html
https://www.nintendo.co.uk/Iwata-Asks-Nintendo-3DS/Vol-6-Nintendo-3DS-Pre-installed-Software/1-A-Real-Tomodachi-Collection/1-A-Real-Tomodachi-Collection-223722.html
https://www.nintendo.co.uk/Iwata-Asks-Nintendo-DSi/Volume-1-Hardware/1-Two-Cameras-and-an-SD-Card/1-Two-Cameras-and-an-SD-Card-1049324.html
https://www.nintendo.co.uk/Iwata-Asks-Nintendo-DSi/Volume-2-DSi-Internal-Software/1-Presenting-a-New-DS/1-Presenting-a-New-DS-1049333.html
https://www.nintendo.co.uk/Iwata-Asks-Nintendo-DSi/Volume-3-Nintendo-DSi-Browser/1-Make-It-Snappy-/1-Make-It-Snappy--1049342.html
https://www.nintendo.co.uk/Iwata-Asks-Nintendo-DSi/Volume-4-Turning-the-Tables-Asking-Iwata/Introduction-to-Special-Edition-Interview-/Introduction-to-Special-Edition-Interview--1049347.html
https://www.nintendo.co.uk/Iwata-Asks-Nintendo-DSi/Volume-5-WarioWare-Snapped-/WarioWare-Don-t-Touch-/1-WarioWare-Don-t-Touch--1049358.html
https://www.nintendo.co.uk/Iwata-Asks-Nintendo-DSi/Volume-6-A-little-bit-of-brain-training/1-Chotto-/1-Chotto--1049361.html
https://www.nintendo.co.uk/Iwata-Asks-Nintendo-DSi/Volume-7-Flipnote-Studio-Creation/1-Another-Company-in-Kyoto/1-Another-Company-in-Kyoto-1049368.html
https://www.nintendo.co.uk/Iwata-Asks-Nintendo-DSi/Volume-8-Flipnote-Studio-An-Animation-Class/1-What-My-Mother-Taught-Me/1-What-My-Mother-Taught-Me-1049377.html
https://www.nintendo.co.uk/Iwata-Asks-SUPER-MARIO-3D-LAND/Vol-1-SUPER-MARIO-3D-LAND/1-Keyword-Reset/1-Keyword-Reset-216880.html
https://www.nintendo.co.uk/Iwata-Asks-SUPER-MARIO-3D-LAND/Vol-2-The-producers/1-Like-an-Archaeologist/1-Like-an-Archaeologist-215658.html
https://www.nintendo.co.uk/Iwata-Asks-Super-Mario-All-Stars/Vol-1-Super-Mario-History-Soundtrack-CD/1-Mario-s-Most-Representative-Music/1-Mario-s-Most-Representative-Music-219798.html
https://www.nintendo.co.uk/Iwata-Asks-Super-Mario-All-Stars/Vol-2-The-Developers/1-Updating-the-Graphics/1-Updating-the-Graphics-209032.html
https://www.nintendo.co.uk/Iwata-Asks-Super-Mario-Galaxy-2/Volume-1-Miyamoto/1-Playing-a-3D-Game-Like-It-s-2D/1-Playing-a-3D-Game-Like-It-s-2D-230816.html
https://www.nintendo.co.uk/Iwata-Asks-Super-Mario-Galaxy-2/Volume-2-Koizumi-Motokura-Hayakawa-and-Hayashida/1-More-Super-Mario-Galaxy-/1-More-Super-Mario-Galaxy--237972.html
https://www.nintendo.co.uk/Iwata-Asks-Super-Mario-Galaxy-2/Volume-3-Nagamatsu-Yokota-Kondo/1-Concept-of-Music-Making/1-Concept-of-Music-Making-206177.html
https://www.nintendo.co.uk/Iwata-Asks-Super-Mario-Galaxy/Volume-1-The-Producer-and-Director/1-How-Super-Mario-Galaxy-Was-Born/1-How-Super-Mario-Galaxy-Was-Born-230044.html
https://www.nintendo.co.uk/Iwata-Asks-Super-Mario-Galaxy/Volume-2-The-Developers/1-What-is-the-Essence-of-Mario-/1-What-is-the-Essence-of-Mario--222572.html
https://www.nintendo.co.uk/Iwata-Asks-Super-Mario-Galaxy/Volume-3-The-Sound-Team/1-Why-Use-an-Orchestra-/1-Why-Use-an-Orchestra--205026.html
https://www.nintendo.co.uk/Iwata-Asks-Super-Mario-Galaxy/Volume-4-Shigeru-Miyamoto/1-The-Old-Issue-of-Two-Player-Play/1-The-Old-Issue-of-Two-Player-Play-220647.html
https://www.nintendo.co.uk/Iwata-Asks-Super-Smash-Bros-Brawl/Volume-1-E3-2005-A-Beginning/1-Iwata-Asks-His-Former-Employee/1-Iwata-Asks-His-Former-Employee-212640.html
https://www.nintendo.co.uk/Iwata-Asks-Super-Smash-Bros-Brawl/Volume-2-For-First-time-Gamers/1-As-If-It-Were-the-Last-In-the-Series/1-As-If-It-Were-the-Last-In-the-Series-208186.html
https://www.nintendo.co.uk/Iwata-Asks-Super-Smash-Bros-Brawl/Volume-3-Versus-Co-op-and-Share/1-Concepts-Shared-from-the-Start/1-Concepts-Shared-from-the-Start-222486.html
https://www.nintendo.co.uk/Iwata-Asks-Super-Smash-Bros-Brawl/Volume-4-The-Subspace-Emissary/1-Like-Making-Two-Distinct-Games/1-Like-Making-Two-Distinct-Games-232749.html
https://www.nintendo.co.uk/Iwata-Asks-Super-Smash-Bros-Brawl/Volume-5-Plethora-of-New-Features/1-Final-Smash/1-Final-Smash-226711.html
https://www.nintendo.co.uk/Iwata-Asks-Super-Smash-Bros-Brawl/Volume-6-All-star-Music/1-Thirty-Games-Worth-of-Music/1-Thirty-Games-Worth-of-Music-215893.html
https://www.nintendo.co.uk/Iwata-Asks-Super-Smash-Bros-Brawl/Volume-7-Once-in-a-Lifetime-Experience/1-Dragon-King-The-Fighting-Game/1-Dragon-King-The-Fighting-Game-226141.html
https://www.nintendo.co.uk/Iwata-Asks-The-Last-Story/Vol-1-Hironobu-Sakaguchi-Kimihiko-Fujisaka/1-Directing-Again-After-Eighteen-Years/1-Directing-Again-After-Eighteen-Years-234082.html
https://www.nintendo.co.uk/Iwata-Asks-The-Last-Story/Vol-2-Hironobu-Sakaguchi-Nobuo-Uematsu/1-Fate-Works-in-Mysterious-Ways/1-Fate-Works-in-Mysterious-Ways-234424.html
https://www.nintendo.co.uk/Iwata-Asks-The-Last-Story/Vol-3-Hironobu-Sakaguchi-Takuya-Matsumoto/1-Changing-the-Grammar-of-the-Game/1-Changing-the-Grammar-of-the-Game-228196.html
https://www.nintendo.co.uk/Iwata-Asks-The-Legend-of-Zelda-Ocarina-of-Time-3D/Vol-1-Sound/1-The-Ever-Changing-Music-of-Hyrule-Field/1-The-Ever-Changing-Music-of-Hyrule-Field-231234.html
https://www.nintendo.co.uk/Iwata-Asks-The-Legend-of-Zelda-Ocarina-of-Time-3D/Vol-2-Original-Development-Staff-Part-1/1-The-Game-that-Changed-Destinies/1-The-Game-that-Changed-Destinies-231561.html
https://www.nintendo.co.uk/Iwata-Asks-The-Legend-of-Zelda-Ocarina-of-Time-3D/Vol-3-Original-Development-Staff-Part-2/1-Fun-Days/1-Fun-Days-216248.html
https://www.nintendo.co.uk/Iwata-Asks-The-Legend-of-Zelda-Ocarina-of-Time-3D/Vol-4-Development-Staff/1-A-13-Year-Gap/1-A-13-Year-Gap-235799.html
https://www.nintendo.co.uk/Iwata-Asks-The-Legend-of-Zelda-Ocarina-of-Time-3D/Vol-5-Mr-Shigeru-Miyamoto/1-Ganon-s-Castle-as-the-Only-Setting-/1-Ganon-s-Castle-as-the-Only-Setting--224548.html
https://www.nintendo.co.uk/Iwata-Asks-The-Legend-of-Zelda-Skyward-Sword/Special-Edition-Creative-Small-Talk-Part-I-/1-Getting-Started/1-Getting-Started-218974.html
https://www.nintendo.co.uk/Iwata-Asks-The-Legend-of-Zelda-Skyward-Sword/Special-Edition-Creative-Small-Talk-Part-II-/14-We-Can-t-Settle-for-Passable/14-We-Can-t-Settle-for-Passable-226230.html
https://www.nintendo.co.uk/Iwata-Asks-The-Legend-of-Zelda-Skyward-Sword/Vol-1-Wii-MotionPlus-Inspires-New-Controls/1-Starting-with-a-Detour/1-Starting-with-a-Detour-236062.html
https://www.nintendo.co.uk/Iwata-Asks-The-Legend-of-Zelda-Skyward-Sword/Vol-2-The-Dense-Forest/1-Making-the-First-Field/1-Making-the-First-Field-216638.html
https://www.nintendo.co.uk/Iwata-Asks-The-Legend-of-Zelda-Skyward-Sword/Vol-3-The-Dense-Volcano-and-Enemy-Monsters/1-The-View-from-the-Top-of-the-Road/1-The-View-from-the-Top-of-the-Road-208247.html
https://www.nintendo.co.uk/Iwata-Asks-The-Legend-of-Zelda-Skyward-Sword/Vol-4-The-Dense-Desert-and-A-New-System/1-The-Transformation-System/1-The-Transformation-System-221281.html
https://www.nintendo.co.uk/Iwata-Asks-The-Legend-of-Zelda-Skyward-Sword/Vol-5-The-Dense-Sky-and-Town/1-Inspired-by-Mario-Course-Selection/1-Inspired-by-Mario-Course-Selection-204285.html
https://www.nintendo.co.uk/Iwata-Asks-The-Legend-of-Zelda-Skyward-Sword/Vol-6-The-Dense-Script-and-Direction/1-A-Battle-Against-Contradictions/1-A-Battle-Against-Contradictions-228740.html
https://www.nintendo.co.uk/Iwata-Asks-The-Legend-of-Zelda-Skyward-Sword/Vol-7-Female-Staff/1-Haunts-of-the-Haunted-House/1-Haunts-of-the-Haunted-House-213157.html
https://www.nintendo.co.uk/Iwata-Asks-The-Legend-of-Zelda-Skyward-Sword/Vol-8-Those-Who-Played-for-Hundreds-of-Hours/1-Music-Awakening-Memory/1-Music-Awakening-Memory-227973.html
https://www.nintendo.co.uk/Iwata-Asks-The-Legend-of-Zelda-Spirit-Tracks/Iwata-Asks-The-Legend-of-Zelda-Spirit-Tracks/1-We-Felt-As-Though-We-d-Given-Our-All/1-We-Felt-As-Though-We-d-Given-Our-All-226804.html
https://www.nintendo.co.uk/Iwata-Asks-The-Legend-of-Zelda-Spirit-Tracks/Iwata-Asks-Zelda-Handheld-History-/1-Like-an-Afterschool-Club/1-Like-an-Afterschool-Club-233712.html
https://www.nintendo.co.uk/Iwata-Asks-Wii-Fit-Plus/Interview-with-Dr-Motohiko-Miyachi/1-1000-Fewer-Steps-than-a-Decade-Ago/1-1000-Fewer-Steps-than-a-Decade-Ago-229089.html
https://www.nintendo.co.uk/Iwata-Asks-Wii-Fit-Plus/Interview-with-Shigeru-Miyamoto/1-Not-a-Sequel-but-an-Enhanced-Version/1-Not-a-Sequel-but-an-Enhanced-Version-209472.html
https://www.nintendo.co.uk/Iwata-Asks-Wii-Fit/Volume-1-A-New-Creation/1-Born-from-a-Hobby/1-Born-from-a-Hobby-222326.html
https://www.nintendo.co.uk/Iwata-Asks-Wii-Fit/Volume-2-The-Wii-Balance-Board/1-An-Idea-Inspired-by-Sumo-Wrestlers/1-An-Idea-Inspired-by-Sumo-Wrestlers-237652.html
https://www.nintendo.co.uk/Iwata-Asks-Wii-Fit/Volume-3-The-Wii-Fit-Software/1-It-Began-with-a-DS-Experiment/1-It-Began-with-a-DS-Experiment-207990.html
https://www.nintendo.co.uk/Iwata-Asks-Wii-Fit/Volume-4-Sound-Design-and-Planning/1-From-Zelda-to-Wii-Fit/1-From-Zelda-to-Wii-Fit-204069.html
https://www.nintendo.co.uk/Iwata-Asks-Wii-Music/Volume-1-The-Joy-Of-Playing-Music-For-All/1-Shigeru-Miyamoto-s-Early-Encounters-with-Music/1-Shigeru-Miyamoto-s-Early-Encounters-with-Music-236997.html
https://www.nintendo.co.uk/Iwata-Asks-Wii-Music/Volume-2-Wii-Music-A-First-Time-For-Everyone/1-Wii-Music-A-First-Time-for-Everyone/1-Wii-Music-A-First-Time-for-Everyone-238277.html
https://www.nintendo.co.uk/Iwata-Asks-Wii-Music/Volume-3-Find-Your-Own-Style-with-Wii-Music/1-Wii-Music-Changed-My-Ears/1-Wii-Music-Changed-My-Ears-222761.html
https://www.nintendo.co.uk/Iwata-Asks-Wii-U/Miiverse-The-Developers/1-A-Browser-Made-For-A-Console/1-A-Browser-Made-For-A-Console-673689.html
https://www.nintendo.co.uk/Iwata-Asks-Wii-U/Miiverse-The-Producers/1-Empathy-Network-/1-Empathy-Network--664359.html
https://www.nintendo.co.uk/Iwata-Asks-Wii-U/Wii-U-Chat/1-Fifteen-Years-Of-Emotion/1-Fifteen-Years-Of-Emotion-674198.html
https://www.nintendo.co.uk/Iwata-Asks-Wii-U/Wii-U-Wii-U-GamePad/1-The-Wireless-System-Challenge/1-The-Wireless-System-Challenge-654065.html
https://www.nintendo.co.uk/Iwata-Asks-Wii-U/Wii-U-Wii-U-Main-Console/1-Changes-in-Television/1-Changes-in-Television-653911.html
https://www.nintendo.co.uk/Iwata-Asks-Wii/Iwata-Asks-The-Legend-of-Zelda-Twilight-Princess/1-The-Indefinable-Essence-of-Zelda/1-The-Indefinable-Essence-of-Zelda-227135.html
https://www.nintendo.co.uk/Iwata-Asks-Wii/Iwata-Asks-Turning-the-Tables/Asking-Iwata/Asking-Iwata-204602.html
https://www.nintendo.co.uk/Iwata-Asks-Wii/Iwata-Asks-WarioWare-Smooth-Moves/1-With-one-of-these-remotes-you-can-do-anything/1-With-one-of-these-remotes-you-can-do-anything-228459.html
https://www.nintendo.co.uk/Iwata-Asks-Wii/Iwata-Asks-Wii-Channels/1-Fun-For-the-Entire-Family/1-Fun-For-the-Entire-Family-213500.html
https://www.nintendo.co.uk/Iwata-Asks-Wii/Iwata-Asks-Wii-Hardware/1-Unprecedented-Use-of-the-Latest-Technology/1-Unprecedented-Use-of-the-Latest-Technology-205699.html
https://www.nintendo.co.uk/Iwata-Asks-Wii/Iwata-Asks-Wii-Remote/1-Taking-Control-Back-to-the-Drawing-Board/1-Taking-Control-Back-to-the-Drawing-Board-232376.html
https://www.nintendo.co.uk/Iwata-Asks-Wii/Iwata-Asks-Wii-Sports/1-Ground-breaking-Games/1-Ground-breaking-Games-217775.html
https://www.nintendo.co.uk/Iwata-Asks-Xenoblade-Chronicles/Vol-1-Sound/1-Six-Musicians-Together/1-Six-Musicians-Together-839481.html
https://www.nintendo.co.uk/Iwata-Asks-Xenoblade-Chronicles/Vol-2-Story/1-Playing-a-Game-of-Catch/1-Playing-a-Game-of-Catch-206701.html
https://www.nintendo.co.uk/Iwata-Asks-Xenoblade-Chronicles/Vol-3-The-Development-Process/1-Seeing-it-Through-to-the-End/1-Seeing-it-Through-to-the-End-839492.html
https://www.nintendo.co.uk/Iwata-Asks/Iwata-Asks-Animal-Crossing-Let-s-Go-to-the-City/A-Day-in-the-Life-of-Animal-Crossing/1-The-First-New-Title-for-3-Years/1-The-First-New-Title-for-3-Years-233427.html
https://www.nintendo.co.uk/Iwata-Asks/Iwata-Asks-Animal-Crossing-New-Leaf/Animal-Crossing-New-Leaf/1-A-Fresh-Start-for-Animal-Crossing/1-A-Fresh-Start-for-Animal-Crossing-738583.html
https://www.nintendo.co.uk/Iwata-Asks/Iwata-Asks-Beat-the-Beat-Rhythm-Paradise/Iwata-Asks-Beat-the-Beat-Rhythm-Paradise/1-Wouldn-t-Just-Buttons-Be-Perfectly-Fine-/1-Wouldn-t-Just-Buttons-Be-Perfectly-Fine--236408.html
https://www.nintendo.co.uk/Iwata-Asks/Iwata-Asks-Donkey-Kong-Country-Returns/Iwata-Asks-Donkey-Kong-Country-Returns/1-Codename-Fate/1-Codename-Fate-212318.html
https://www.nintendo.co.uk/Iwata-Asks/Iwata-Asks-Dr-Kawashima-s-Devilish-Brain-Training/Volume-1/1-First-Encounter/1-First-Encounter-704358.html
https://www.nintendo.co.uk/Iwata-Asks/Iwata-Asks-E3-2011-Special-Edition-Wii-U/E3-2011-Special-Edition-Wii-U/1-Looking-Beyond-Wii/1-Looking-Beyond-Wii-205181.html
https://www.nintendo.co.uk/Iwata-Asks/Iwata-Asks-Fire-Emblem-Awakening/Fire-Emblem-Awakening/1-An-All-New-Fire-Emblem/1-An-All-New-Fire-Emblem-724239.html
https://www.nintendo.co.uk/Iwata-Asks/Iwata-Asks-Fire-Emblem-Fates/Fire-Emblem-Fates/1-Story-by-Shin-Kibayashi/1-Story-by-Shin-Kibayashi-1032066.html
https://www.nintendo.co.uk/Iwata-Asks/Iwata-Asks-Fit-Meter/Fit-Meter/1-It-Began-with-a-Field-Trip/1-It-Began-with-a-Field-Trip-839070.html
https://www.nintendo.co.uk/Iwata-Asks/Iwata-Asks-Game-Wario/Game-Wario/1-Shake-Things-Up-/1-Shake-Things-Up--749777.html
https://www.nintendo.co.uk/Iwata-Asks/Iwata-Asks-Game-Watch/Iwata-Asks-Game-Watch/1-When-Developers-Did-Everything/1-When-Developers-Did-Everything-222941.html
https://www.nintendo.co.uk/Iwata-Asks/Iwata-Asks-HarmoKnight/HarmoKnight/1-Just-Give-It-A-Go-/1-Just-Give-It-A-Go--722734.html
https://www.nintendo.co.uk/Iwata-Asks/Iwata-Asks-In-Conversation-with-Takahashi-Sakaguchi/In-Conversation-with-Takahashi-Sakaguchi/1-Reunion-After-Eight-Years/1-Reunion-After-Eight-Years-211179.html
https://www.nintendo.co.uk/Iwata-Asks/Iwata-Asks-Jam-with-the-Band/Iwata-Asks-Jam-with-the-Band-Volume-1/1-The-President-s-Specifications/1-The-President-s-Specifications-235598.html
https://www.nintendo.co.uk/Iwata-Asks/Iwata-Asks-Kid-Icarus-Uprising/Iwata-Asks-Kid-Icarus-Uprising/1-My-Style/1-My-Style-207580.html
https://www.nintendo.co.uk/Iwata-Asks/Iwata-Asks-Kirby-s-Adventure-Wii/Iwata-Asks-Kirby-s-Adventure-Wii/1-The-Three-Lost-Kirby-Games/1-The-Three-Lost-Kirby-Games-230159.html
https://www.nintendo.co.uk/Iwata-Asks/Iwata-Asks-Kirby-s-Epic-Yarn/Iwata-Asks-Kirby-s-Epic-Yarn/1-Using-Real-Yarn-and-Cloth/1-Using-Real-Yarn-and-Cloth-206925.html
https://www.nintendo.co.uk/Iwata-Asks/Iwata-Asks-Link-s-Crossbow-Training/Take-aim-with-Link-/1-On-the-creation-of-bridge-building-games/1-On-the-creation-of-bridge-building-games-206046.html
https://www.nintendo.co.uk/Iwata-Asks/Iwata-Asks-Luigi-s-Mansion-2/Luigi-s-Mansion-2/1-Like-a-Shepherd/1-Like-a-Shepherd-741861.html
https://www.nintendo.co.uk/Iwata-Asks/Iwata-Asks-Mario-Kart-7/Vol-1-Joint-Development-with-Retro-Studios/1-It-All-Began-with-a-Yakiniku-Party/1-It-All-Began-with-a-Yakiniku-Party-221857.html
https://www.nintendo.co.uk/Iwata-Asks/Iwata-Asks-Mario-Kart-Wii/Bringing-Racers-Together/1-It-Started-With-A-Guy-In-Overalls/1-It-Started-With-A-Guy-In-Overalls-214509.html
https://www.nintendo.co.uk/Iwata-Asks/Iwata-Asks-Mario-Luigi-Dream-Team-Bros-/Mario-Luigi-Dream-Team-Bros-/1-Burnt-Blank/1-Burnt-Blank-778573.html
https://www.nintendo.co.uk/Iwata-Asks/Iwata-Asks-Mario-Sonic-at-the-London-2012-Olympic-Games/Iwata-Asks-Mario-Sonic-at-the-London-2012-Olympic-Games/1-An-Unprecedented-Project/1-An-Unprecedented-Project-208525.html
https://www.nintendo.co.uk/Iwata-Asks/Iwata-Asks-Metroid-Other-M/Vol-1-The-Collaboration/1-A-NES-Game-with-the-Latest-Technology-/1-A-NES-Game-with-the-Latest-Technology--224960.html
https://www.nintendo.co.uk/Iwata-Asks/Iwata-Asks-Monster-Hunter-Tri/Iwata-Asks-Monster-Hunter-Tri/1-An-Online-Game-Anyone-Can-Play/1-An-Online-Game-Anyone-Can-Play-211445.html
https://www.nintendo.co.uk/Iwata-Asks/Iwata-Asks-NERD/NERD/1-Introduction/1-Introduction-759158.html
https://www.nintendo.co.uk/Iwata-Asks/Iwata-Asks-New-Art-Academy/Iwata-Asks-New-Art-Academy/1-From-Green-Apple-To-Green-Light/1-From-Green-Apple-To-Green-Light-665753.html
https://www.nintendo.co.uk/Iwata-Asks/Iwata-Asks-New-Super-Luigi-U/New-Super-Luigi-U/1-Overtaken-by-New-Super-Mario-Bros-2/1-Overtaken-by-New-Super-Mario-Bros-2-786806.html
https://www.nintendo.co.uk/Iwata-Asks/Iwata-Asks-New-Super-Mario-Bros-2/Iwata-Asks-New-Super-Mario-Bros-2/1-Mario-Cram-School/1-Mario-Cram-School-593539.html
https://www.nintendo.co.uk/Iwata-Asks/Iwata-Asks-New-Super-Mario-Bros-U/New-Super-Mario-Bros-U/1-What-Should-Be-New-/1-What-Should-Be-New--686442.html
https://www.nintendo.co.uk/Iwata-Asks/Iwata-Asks-New-Super-Mario-Bros-Wii/Volume-1/1-Mario-Couldn-t-Jump-At-First/1-Mario-Couldn-t-Jump-At-First-210699.html
https://www.nintendo.co.uk/Iwata-Asks/Iwata-Asks-Nintendo-3DS-Guide-Louvre/Nintendo-3DS-Guide-Louvre/1-One-day-the-Louvre/1-One-day-the-Louvre-836504.html
https://www.nintendo.co.uk/Iwata-Asks/Iwata-Asks-Nintendo-3DS-Third-Party-Game-Developers/Preface/Preface/Preface-839503.html
https://www.nintendo.co.uk/Iwata-Asks/Iwata-Asks-Nintendo-3DS-XL/Iwata-Asks-Nintendo-3DS-XL/1-A-Size-with-Impact/1-A-Size-with-Impact-594297.html
https://www.nintendo.co.uk/Iwata-Asks/Iwata-Asks-Nintendo-3DS/Vol-1-And-That-s-How-the-Nintendo-3DS-Was-Made/1-Shigesato-Itoi-Tries-Nintendo-3DS/1-Shigesato-Itoi-Tries-Nintendo-3DS-229348.html
https://www.nintendo.co.uk/Iwata-Asks/Iwata-Asks-Nintendo-DSi-XL/Iwata-Asks-Nintendo-DSi-XL/1-The-Phantom-XL-Nintendo-DS-Lite/1-The-Phantom-XL-Nintendo-DS-Lite-211781.html
https://www.nintendo.co.uk/Iwata-Asks/Iwata-Asks-Nintendo-DSi/Volume-1-Hardware/1-Two-Cameras-and-an-SD-Card/1-Two-Cameras-and-an-SD-Card-1049324.html
https://www.nintendo.co.uk/Iwata-Asks/Iwata-Asks-Nintendo-Land/Nintendo-Land/1-Development-Started-with-Wii-U/1-Development-Started-with-Wii-U-692042.html
https://www.nintendo.co.uk/Iwata-Asks/Iwata-Asks-Nintendo-Letter-Box/Iwata-Asks-Nintendo-Letter-Box/1-Is-This-Project-Alright-/1-Is-This-Project-Alright--232075.html
https://www.nintendo.co.uk/Iwata-Asks/Iwata-Asks-Nintendo-Pocket-Football-Club/Nintendo-Pocket-Football-Club/1-It-s-Fun-Just-to-Watch/1-It-s-Fun-Just-to-Watch-847079.html
https://www.nintendo.co.uk/Iwata-Asks/Iwata-Asks-Nintendo-eShop/Iwata-Asks-Nintendo-eShop/1-A-Place-to-Go-for-No-Particular-Reason/1-A-Place-to-Go-for-No-Particular-Reason-225164.html
https://www.nintendo.co.uk/Iwata-Asks/Iwata-Asks-Nintendo-presents-New-Style-Boutique/New-Style-Boutique/1-Whether-It-s-Fun-or-Not-/1-Whether-It-s-Fun-or-Not--689052.html
https://www.nintendo.co.uk/Iwata-Asks/Iwata-Asks-Nintendo-presents-Style-Boutique/Iwata-Asks-Nintendo-presents-Style-Boutique/1-The-Theme-Is-Fashion/1-The-Theme-Is-Fashion-205810.html
https://www.nintendo.co.uk/Iwata-Asks/Iwata-Asks-PUNCH-OUT-/PUNCH-OUT-/1-Proposition-Use-Two-Televisions/1-Proposition-Use-Two-Televisions-230460.html
https://www.nintendo.co.uk/Iwata-Asks/Iwata-Asks-Pandora-s-Tower-for-Wii/Iwata-Asks-Pandora-s-Tower-for-Wii/1-The-Jump-Super-Stars-Connection/1-The-Jump-Super-Stars-Connection-205394.html
https://www.nintendo.co.uk/Iwata-Asks/Iwata-Asks-Paper-Mario-Sticker-Star/Paper-Mario-Sticker-Star/1-Talking-At-Iwata/1-Talking-At-Iwata-690475.html
https://www.nintendo.co.uk/Iwata-Asks/Iwata-Asks-PlatinumGames/PlatinumGames/1-Culture-Shock/1-Culture-Shock-720506.html
https://www.nintendo.co.uk/Iwata-Asks/Iwata-Asks-Pokedex-3D/Iwata-Asks-Pokedex-3D/1-Download-in-Three-Minutes/1-Download-in-Three-Minutes-235363.html
https://www.nintendo.co.uk/Iwata-Asks/Iwata-Asks-Pokemon-Black-Version-2-and-Pokemon-White-Version-2/Iwata-Asks-Pokemon-Black-Version-2-and-Pokemon-White-Version-2/1-Two-Sequels-Two-Years-Later/1-Two-Sequels-Two-Years-Later-663651.html
https://www.nintendo.co.uk/Iwata-Asks/Iwata-Asks-Pokemon-Black-Version-and-Pokemon-White-Version/Pokemon-Black-Version-and-Pokemon-White-Version/1-Making-a-Completely-New-Sequel-for-the-Nintendo-DS/1-Making-a-Completely-New-Sequel-for-the-Nintendo-DS-209957.html
https://www.nintendo.co.uk/Iwata-Asks/Iwata-Asks-Pokemon-HeartGold-Version-SoulSilver-Version/Iwata-Asks-Pokemon-HeartGold-Version-SoulSilver-Version/1-Just-Making-The-Last-Train/1-Just-Making-The-Last-Train-225842.html
https://www.nintendo.co.uk/Iwata-Asks/Iwata-Asks-Pokemon-Mystery-Dungeon-Gates-to-Infinity/Pokemon-Mystery-Dungeon-Gates-to-Infinity/1-An-Impossible-Combination-/1-An-Impossible-Combination--755141.html
https://www.nintendo.co.uk/Iwata-Asks/Iwata-Asks-Professor-Layton-vs-Phoenix-Wright-Ace-Attorney/Professor-Layton-vs-Phoenix-Wright-Ace-Attorney/1-Professor-Layton-s-Secret-Rival/1-Professor-Layton-s-Secret-Rival-850289.html
https://www.nintendo.co.uk/Iwata-Asks/Iwata-Asks-Project-Zero-2-Wii-Edition/Iwata-Asks-Project-Zero-2-Wii-Edition/1-The-Worst-Happy-Ending-Imaginable/1-The-Worst-Happy-Ending-Imaginable-218277.html
https://www.nintendo.co.uk/Iwata-Asks/Iwata-Asks-Rhythm-Paradise/Iwata-Asks-Rhythm-Paradise/1-Rhythm-Tengoku-Game-Boy-Advance/1-Rhythm-Tengoku-Game-Boy-Advance-238693.html
https://www.nintendo.co.uk/Iwata-Asks/Iwata-Asks-SUPER-MARIO-3D-LAND/Vol-1-SUPER-MARIO-3D-LAND/1-Keyword-Reset/1-Keyword-Reset-216880.html
https://www.nintendo.co.uk/Iwata-Asks/Iwata-Asks-Sin-and-Punishment-Successor-of-the-Skies/Iwata-Asks-Sin-and-Punishment-Successor-of-the-Skies/1-The-N64-Controller-Provides-Inspiration/1-The-N64-Controller-Provides-Inspiration-214087.html
https://www.nintendo.co.uk/Iwata-Asks/Iwata-Asks-Spirit-Camera-The-Cursed-Memoir/Iwata-Asks-Spirit-Camera-The-Cursed-Memoir/1-Imagination-is-the-Scariest-Thing/1-Imagination-is-the-Scariest-Thing-225378.html
https://www.nintendo.co.uk/Iwata-Asks/Iwata-Asks-Splatoon/Splatoon/1-It-Started-With-Tofu/1-It-Started-With-Tofu-1021365.html
https://www.nintendo.co.uk/Iwata-Asks/Iwata-Asks-Star-Fox-64/Vol-1-Star-Fox-64-3D/1-I-Want-to-Work-in-Kyoto-/1-I-Want-to-Work-in-Kyoto--220778.html
https://www.nintendo.co.uk/Iwata-Asks/Iwata-Asks-Steel-Diver/Iwata-Asks-Steel-Diver/1-Ever-Since-the-Original-Star-Fox/1-Ever-Since-the-Original-Star-Fox-215293.html
https://www.nintendo.co.uk/Iwata-Asks/Iwata-Asks-StreetPass-Relay-Points/StreetPass-Relay-Points/1-StreetPass-in-Coin-Lockers/1-StreetPass-in-Coin-Lockers-805225.html
https://www.nintendo.co.uk/Iwata-Asks/Iwata-Asks-Super-Mario-3D-World/Super-Mario-3D-World/1-Let-s-Put-Everything-In-/1-Let-s-Put-Everything-In--829449.html
https://www.nintendo.co.uk/Iwata-Asks/Iwata-Asks-Super-Mario-All-Stars/Vol-1-Super-Mario-History-Soundtrack-CD/1-Mario-s-Most-Representative-Music/1-Mario-s-Most-Representative-Music-219798.html
https://www.nintendo.co.uk/Iwata-Asks/Iwata-Asks-Super-Mario-Galaxy-2/Volume-1-Miyamoto/1-Playing-a-3D-Game-Like-It-s-2D/1-Playing-a-3D-Game-Like-It-s-2D-230816.html
https://www.nintendo.co.uk/Iwata-Asks/Iwata-Asks-Super-Mario-Galaxy/Volume-1-The-Producer-and-Director/1-How-Super-Mario-Galaxy-Was-Born/1-How-Super-Mario-Galaxy-Was-Born-230044.html
https://www.nintendo.co.uk/Iwata-Asks/Iwata-Asks-Super-Pokemon-Rumble/Vol-1-Super-Pokemon-Rumble/1-Even-My-Wife-/1-Even-My-Wife--224093.html
https://www.nintendo.co.uk/Iwata-Asks/Iwata-Asks-Super-Smash-Bros-Brawl/Volume-1-E3-2005-A-Beginning/1-Iwata-Asks-His-Former-Employee/1-Iwata-Asks-His-Former-Employee-212640.html
https://www.nintendo.co.uk/Iwata-Asks/Iwata-Asks-The-Last-Story/Vol-1-Hironobu-Sakaguchi-Kimihiko-Fujisaka/1-Directing-Again-After-Eighteen-Years/1-Directing-Again-After-Eighteen-Years-234082.html
https://www.nintendo.co.uk/Iwata-Asks/Iwata-Asks-The-Legend-of-Zelda-A-Link-Between-Worlds/The-Legend-of-Zelda-A-Link-Between-Worlds/1-Sounds-Like-an-Idea-That-s-20-Years-Old-/1-Sounds-Like-an-Idea-That-s-20-Years-Old--831854.html
https://www.nintendo.co.uk/Iwata-Asks/Iwata-Asks-The-Legend-of-Zelda-Majora-s-Mask-3D/The-Legend-of-Zelda-Majora-s-Mask-3D/1-Make-it-in-a-Year/1-Make-it-in-a-Year-959667.html
https://www.nintendo.co.uk/Iwata-Asks/Iwata-Asks-The-Legend-of-Zelda-Ocarina-of-Time-3D/Vol-1-Sound/1-The-Ever-Changing-Music-of-Hyrule-Field/1-The-Ever-Changing-Music-of-Hyrule-Field-231234.html
https://www.nintendo.co.uk/Iwata-Asks/Iwata-Asks-The-Legend-of-Zelda-Skyward-Sword/Vol-1-Wii-MotionPlus-Inspires-New-Controls/1-Starting-with-a-Detour/1-Starting-with-a-Detour-236062.html
https://www.nintendo.co.uk/Iwata-Asks/Iwata-Asks-The-Legend-of-Zelda-Spirit-Tracks/Iwata-Asks-The-Legend-of-Zelda-Spirit-Tracks/1-We-Felt-As-Though-We-d-Given-Our-All/1-We-Felt-As-Though-We-d-Given-Our-All-226804.html
https://www.nintendo.co.uk/Iwata-Asks/Iwata-Asks-The-Legend-of-Zelda-The-Wind-Waker-HD/The-Legend-of-Zelda-The-Wind-Waker-HD/1-How-Toon-Link-Was-Born/1-How-Toon-Link-Was-Born-807128.html
https://www.nintendo.co.uk/Iwata-Asks/Iwata-Asks-The-Wonderful-101-Development-Staff/The-Wonderful-101-Development-Staff/1-Joining-Together-to-be-Strong/1-Joining-Together-to-be-Strong-798421.html
https://www.nintendo.co.uk/Iwata-Asks/Iwata-Asks-The-Wonderful-101-Hideki-Kamiya/The-Wonderful-101-Hideki-Kamiya/1-The-Famicom-Millionaire/1-The-Famicom-Millionaire-790888.html
https://www.nintendo.co.uk/Iwata-Asks/Iwata-Asks-Walk-with-me-/Iwata-Asks-Walk-with-me-/1-Suddenly-Had-to-Stop/1-Suddenly-Had-to-Stop-203833.html
https://www.nintendo.co.uk/Iwata-Asks/Iwata-Asks-WarioWare-D-I-Y-/Iwata-Asks-WarioWare-D-I-Y-/1-It-Started-Over-Five-Years-Ago/1-It-Started-Over-Five-Years-Ago-214996.html
https://www.nintendo.co.uk/Iwata-Asks/Iwata-Asks-Wii-Fit-Plus/Interview-with-Dr-Motohiko-Miyachi/1-1000-Fewer-Steps-than-a-Decade-Ago/1-1000-Fewer-Steps-than-a-Decade-Ago-229089.html
https://www.nintendo.co.uk/Iwata-Asks/Iwata-Asks-Wii-Fit/Volume-1-A-New-Creation/1-Born-from-a-Hobby/1-Born-from-a-Hobby-222326.html
https://www.nintendo.co.uk/Iwata-Asks/Iwata-Asks-Wii-MotionPlus/Read-more/1-The-Gyro-Sensor-A-New-Sense-Of-Control/1-The-Gyro-Sensor-A-New-Sense-Of-Control-225595.html
https://www.nintendo.co.uk/Iwata-Asks/Iwata-Asks-Wii-Music/Volume-1-The-Joy-Of-Playing-Music-For-All/1-Shigeru-Miyamoto-s-Early-Encounters-with-Music/1-Shigeru-Miyamoto-s-Early-Encounters-with-Music-236997.html
https://www.nintendo.co.uk/Iwata-Asks/Iwata-Asks-Wii-Party/Iwata-Asks-Wii-Party/1-A-Team-with-Experience-Making-Party-Games/1-A-Team-with-Experience-Making-Party-Games-224354.html
https://www.nintendo.co.uk/Iwata-Asks/Iwata-Asks-Wii-Play-Motion/Iwata-Asks-Wii-Play-Motion/1-A-New-Way-to-Make-Games/1-A-New-Way-to-Make-Games-234741.html
https://www.nintendo.co.uk/Iwata-Asks/Iwata-Asks-Wii-Sports-Resort/Wii-Sports-Resort/1-Stop-Just-In-Time-with-Wii-MotionPlus/1-Stop-Just-In-Time-with-Wii-MotionPlus-220170.html
https://www.nintendo.co.uk/Iwata-Asks/Iwata-Asks-Wii-Street-U-Powered-by-Google/Wii-Street-U-Powered-by-Google/1-Looking-Up-at-the-Sky/1-Looking-Up-at-the-Sky-723477.html
https://www.nintendo.co.uk/Iwata-Asks/Iwata-Asks-Wii-U/Wii-U-Chat/1-Fifteen-Years-Of-Emotion/1-Fifteen-Years-Of-Emotion-674198.html
https://www.nintendo.co.uk/Iwata-Asks/Iwata-Asks-Wii/Iwata-Asks-Wii-Hardware/1-Unprecedented-Use-of-the-Latest-Technology/1-Unprecedented-Use-of-the-Latest-Technology-205699.html
https://www.nintendo.co.uk/Iwata-Asks/Iwata-Asks-Xenoblade-Chronicles-3D-for-New-Nintendo-3DS/Xenoblade-Chronicles-3D-for-New-Nintendo-3DS/1-We-want-to-make-a-JRPG-masterpiece/1-We-want-to-make-a-JRPG-masterpiece-979737.html
https://www.nintendo.co.uk/Iwata-Asks/Iwata-Asks-Xenoblade-Chronicles/Vol-1-Sound/1-Six-Musicians-Together/1-Six-Musicians-Together-839481.html
https://www.nintendo.co.uk/Iwata-Asks/Iwata-Asks-ZombiU/ZombiU/1-Two-Zombis-And-U/1-Two-Zombis-And-U-676539.html
https://www.nintendo.co.uk/Iwata-Asks/Iwata-Asks-in-Motion-Pokemon-X-and-Pokemon-Y/Pokemon-X-Pokemon-Y/Introduction/Introduction-815766.html
https://www.nintendo.co.uk/Iwata-Asks/Iwata-Asks-in-Motion-Wii-Sports-Club/Wii-Sports-Club/1-Wanting-to-Play-as-Soon-as-Possible/1-Wanting-to-Play-as-Soon-as-Possible-823693.html
https://www.nintendo.co.uk/Iwata-Asks/Super-Mario-Bros-25th-Anniversary/Vol-1-Itoi-asks-Miyamoto/1-Expressing-the-Inexpressible/1-Expressing-the-Inexpressible-217174.html
https://www.nintendo.co.uk/Super-Mario-Bros-25th-Anniversary/Vol-1-Itoi-asks-Miyamoto/1-Expressing-the-Inexpressible/1-Expressing-the-Inexpressible-217174.html
https://www.nintendo.co.uk/Super-Mario-Bros-25th-Anniversary/Vol-2-NES-Mario/1-Bringing-Video-Games-Home/1-Bringing-Video-Games-Home-215978.html
https://www.nintendo.co.uk/Super-Mario-Bros-25th-Anniversary/Vol-3-The-Developers-1-/1-Joining-Nintendo-After-Super-Mario/1-Joining-Nintendo-After-Super-Mario-222028.html
https://www.nintendo.co.uk/Super-Mario-Bros-25th-Anniversary/Vol-4-The-Developers-2-/1-Born-in-the-80s-Mario-Experiences/1-Born-in-the-80s-Mario-Experiences-209617.html
https://www.nintendo.co.uk/Super-Mario-Bros-25th-Anniversary/Vol-5-Original-Super-Mario-Developers/1-Using-the-D-pad-to-Jump/1-Using-the-D-pad-to-Jump-212727.html
